Column1,Column2,Column3,free,Button ID
""
ملتان سٹی,11220230000377,2023-05-23,مزید تفصیلات,1002437461
ملتان سٹی,889,1974-02-12,مزید تفصیلات,414697097
ملتان سٹی,624,1971-02-25,مزید تفصیلات,414579535
ملتان سٹی,4215,2005-05-24,مزید تفصیلات,414565220
ملتان سٹی,3860,1993-12-20,مزید تفصیلات,413881626
ملتان سٹی,11220230000377,2023-05-23,مزید تفصیلات,1002437461
ملتان سٹی,889,1974-02-12,مزید تفصیلات,414697097
ملتان سٹی,624,1971-02-25,مزید تفصیلات,414579535
ملتان سٹی,4215,2005-05-24,مزید تفصیلات,414565220
ملتان سٹی,3860,1993-12-20,مزید تفصیلات,413881626
ملتان سٹی,7023,1994-08-18,مزید تفصیلات,413810594
ملتان سٹی,11960,2010-11-12,مزید تفصیلات,413560432
ملتان سٹی,8607,1975-09-03,مزید تفصیلات,413529890
ملتان سٹی,2136,1995-10-31,مزید تفصیلات,413391631
ملتان سٹی,3564,1968-11-06,مزید تفصیلات,413353939
ملتان سٹی,1968,1969-01-01,مزید تفصیلات,413275046
ملتان سٹی,1515,1973-03-22,مزید تفصیلات,413211313
ملتان سٹی,2006,1973-04-06,مزید تفصیلات,413210879
ملتان سٹی,3298,1989-10-07,مزید تفصیلات,413141237
ملتان سٹی,1007,1992-12-11,مزید تفصیلات,413060714
ملتان سٹی,1008,1992-12-11,مزید تفصیلات,413060703
ملتان سٹی,2056,1969-08-15,مزید تفصیلات,413059891
ملتان سٹی,9423,1998-12-23,مزید تفصیلات,411397376
ملتان سٹی,5349,1976-04-30,مزید تفصیلات,411385601
ملتان سٹی,11644,1991-11-07,مزید تفصیلات,411372030
ملتان سٹی,16625,1984-11-11,مزید تفصیلات,411369634
ملتان سٹی,6348,2010-06-25,مزید تفصیلات,411344316
ملتان سٹی,8201,2010-07-29,مزید تفصیلات,411341904
ملتان سٹی,666,1998-08-13,مزید تفصیلات,411338783
ملتان سٹی,12942,1982-12-06,مزید تفصیلات,411332360
ملتان سٹی,223,1983-01-05,مزید تفصیلات,411330545
ملتان سٹی,5193,2022-02-24,مزید تفصیلات,411324339
ملتان سٹی,10320,1988-12-03,مزید تفصیلات,411299791
ملتان سٹی,34198,2021-12-10,مزید تفصیلات,411273395
ملتان سٹی,5728,2001-08-13,مزید تفصیلات,411260667
ملتان سٹی,4107,2001-06-02,مزید تفصیلات,411257683
ملتان سٹی,6369,1984-04-08,مزید تفصیلات,411243878
ملتان سٹی,3457,1989-03-27,مزید تفصیلات,411237305
ملتان سٹی,4690,1991-04-29,مزید تفصیلات,411233815
ملتان سٹی,7690,1982-05-23,مزید تفصیلات,411211970
ملتان سٹی,2667,1991-03-05,مزید تفصیلات,411184742
ملتان سٹی,3491,1962-10-19,مزید تفصیلات,411179616
ملتان سٹی,2230,2007-04-25,مزید تفصیلات,411172824
ملتان سٹی,6294,1994-07-20,مزید تفصیلات,411172576
ملتان سٹی,2620,1991-03-04,مزید تفصیلات,411146003
ملتان سٹی,4386,2018-03-06,مزید تفصیلات,411130130
ملتان سٹی,6376,1987-10-13,مزید تفصیلات,411121108
ملتان سٹی,7343,1986-11-18,مزید تفصیلات,411120816
ملتان سٹی,3300,1985-11-11,مزید تفصیلات,411105516
ملتان سٹی,3636,1997-12-30,مزید تفصیلات,411088639
ملتان سٹی,8595,1997-11-04,مزید تفصیلات,411050499
ملتان سٹی,8493,2002-09-25,مزید تفصیلات,411032332
ملتان سٹی,9364,1992-10-08,مزید تفصیلات,411030873
ملتان سٹی,2581,2018-02-13,مزید تفصیلات,411012221
ملتان سٹی,244,2002-01-26,مزید تفصیلات,411010900
ملتان سٹی,1134,2002-05-29,مزید تفصیلات,411008378
ملتان سٹی,818,1973-09-02,مزید تفصیلات,411004910
ملتان سٹی,45,1974-02-27,مزید تفصیلات,411003569
ملتان سٹی,5405,2005-07-20,مزید تفصیلات,410999063
ملتان سٹی,4756,2004-04-28,مزید تفصیلات,410987551
ملتان سٹی,7087,1994-08-23,مزید تفصیلات,410977440
ملتان سٹی,21749,2018-12-06,مزید تفصیلات,410968910
ملتان سٹی,1520,1996-04-16,مزید تفصیلات,410948863
ملتان سٹی,1521,1996-04-16,مزید تفصیلات,410948418
ملتان سٹی,1578,1982-01-12,مزید تفصیلات,410939330
ملتان سٹی,7538,2009-05-26,مزید تفصیلات,410917435
ملتان سٹی,8240,2005-12-06,مزید تفصیلات,410910397
ملتان سٹی,1907,2004-02-20,مزید تفصیلات,410896704
ملتان سٹی,906,2004-02-20,مزید تفصیلات,410896697
ملتان سٹی,1835,2021-06-08,مزید تفصیلات,410883868
ملتان سٹی,2569,1994-03-26,مزید تفصیلات,410864509
ملتان سٹی,148,1996-01-04,مزید تفصیلات,410862830
